VUL4J-11,Arja-RSRepair,timeout,"August 30, 2022"
VUL4J-11,Arja-GenProg,timeout,"August 30, 2022"
VUL4J-48,Arja-RSRepair,timeout,"August 31, 2022"
VUL4J-48,Arja-GenProg,timeout,"August 31, 2022"
VUL4J-56,Arja-GenProg,timeout,"August 31, 2022"
VUL4J-56,Arja-RSRepair,timeout,"August 31, 2022"
VUL4J-8,Arja-Kali,timeout,"September 01, 2022"
VUL4J-8,Arja-GenProg,timeout,"September 01, 2022"
VUL4J-9,Arja-Arja,timeout,"September 01, 2022"
VUL4J-77,Arja-RSRepair,timeout,"September 01, 2022"
VUL4J-77,Arja-GenProg,timeout,"September 01, 2022"
VUL4J-77,Arja-Arja,timeout,"September 01, 2022"
VUL4J-56,Arja-Cardumen,timeout,"September 01, 2022"
VUL4J-56,Arja-jGenProg,timeout,"September 01, 2022"
